<?xml version="1.0" encoding="UTF-8" standalone="no"?><library><book pages="0" title="title0"><author>author0</author><editor>editor0</editor><published>2016</published></book><book pages="0" title="title1"><author>author1</author><editor>editor1</editor><published>2017</published></book><book pages="0" title="title2"><author>author2</author><editor>editor2</editor><published>2018</published></book><book pages="0" title="title3"><author>author3</author><editor>editor3</editor><published>2019</published></book></library>