<?xml version="1.0" encoding="UTF-8"?>
<library>
  <book title="EMF Eclipse Modeling Framework" pages="744">
    <author>Dave Steinberg</author>
    <editor>Ed Merks</editor>
    <published>2009</published>
  </book>
  <book title="Eclipse Modeling Project: A Domain-Specific Language (DSL) Toolkit" pages="736">
    <author>Richard Gronback</author>
    <editor>Frank Budinsky</editor>
    <published>2009</published>
  </book>
  <book title="Official Eclipse 3.0 FAQs" pages="432">
    <author>John Arthorne</author>
    <editor>Chris Laffra</editor>
    <published>2004</published>
  </book>
</library>